timestamp,offset_from_now,heap_free,log_loss,ucm_loss,board_temperature,mcu_temperature,voltage_12,voltage_24,voltage_5,lifetime,h2_total,h2_flow,stack_runtime,stack_cycles,electrolyte_replacement_time,F103A_in_rpm,F103A_out_pwm,F104B_in_rpm,F108C_in_rpm,F108C_out_pwm,FM106_in_lmin,HASS_in_a,HASS_in_v,P107_out_v,PSU_in_v,PSU_out_v,PT101A_in_bar,PT101A_in_v,PT101C_in_bar,PT101C_in_v,PT105_in_bar,TT102A_in_c,TT106_in_c,TE109_in_c,production_rate,BAT_in_v,WLC1_in,HT104_in_v,TE108_in_c,SafetyBoard_LastCode,depressurization_slope,pressurization_slope,pressurization_slope_ratio,psu_temperature,psu_air_temperature,psu_board_current,psu_board_voltage,DEBUG1_in,DEBUG2_in,DEBUG3_in,DEBUG4_in,DEBUG5_in,DEBUG6_in,DEBUG7_in,DEBUG8_in,cell_1_v,cell_2_v,cell_3_v,cell_4_v,cell_5_v,cell_6_v,cell_7_v,cell_8_v,cell_9_v,cell_10_v,cell_11_v,cell_12_v,cell_13_v,cell_14_v,cell_15_v,cell_16_v,cell_17_v,cell_18_v,cell_19_v,cell_20_v,cell_21_v,cell_22_v,cell_23_v,errors,errors_exists,warnings,warnings_exists,system,alerts,waterrefilling,stack,state,electrolyser,service,hvac,recombiner,curve,start_button,locate,eth_ip,ui_state,leds_green,leds_yellow,leds_red,F103A_out_power,H102_out_power,H109_out_power,LSH102B_in,LSHH102A_in,LSL102D_in,LSM102C_in,P107_out_power,PSU_out_power,TSH106_in,TSLL102B_in,V101_out_open,V105_out_open,V106_out_open,WPS104_in,PSH102_in,PSHH101B_in,DRYCONTACT_in,RELAY_STATUS_in_open,SB_DRYCONTACT_in_open,SB_RELAY_STATUS_in_open,SB_WRITE_EN_in_enabled,SB_FANDIAG_out_activated,SB_WPSDIAG_out_activated,SB_RELAY0_out_open,SB_PSU_EN_out_power
2023-11-30 13:36:00 +0000,0.0,97188.0,0.0,0.0,28.339,27.856,11.888,23.532,5.013,2906.288,78.929,511.644,1316.308,4.0,355.0,0.0,0.0,4052.308,0.0,20.0,3.98,53.2,2.256,2.749,41.556,2.842,28.746,,0.024,1.002,3.136,36.519,37.364,,100.0,3.248,,0.342,29.281,0.0,,,,,,,,,,,,,,,,,,,,,,,,,,,,,,,,,,,,,,,"",false,"",false,operation,"",idle,steady,steady,steady,idle,management,,idle,,false,,none,,,,false,true,,false,false,true,true,true,true,false,false,false,false,false,false,false,true,false,,false,false,false,false,false,false,true
2023-11-30 13:37:00 +0000,0.0,97188.0,0.0,0.0,28.392,27.856,11.889,23.532,5.013,2966.725,87.461,511.928,1376.255,4.0,355.0,0.0,0.0,4058.824,0.0,20.0,3.986,53.229,2.257,2.749,41.401,2.825,28.758,,0.025,1.002,3.132,37.784,38.579,,100.0,3.248,,0.341,29.57,0.0,,,,,,,,,,,,,,,,,,,,,,,,,,,,,,,,,,,,,,,"",false,"",false,operation,"",idle,steady,steady,steady,idle,management,,idle,,false,,none,,,,false,true,,false,false,true,true,true,true,false,false,false,false,false,false,false,true,false,,false,false,false,false,false,false,true
2023-11-30 13:38:00 +0000,0.0,97188.0,0.0,0.0,28.45,27.893,11.888,23.532,5.013,3026.538,95.993,511.955,1436.308,4.0,355.0,0.0,0.0,4061.538,0.0,20.0,3.997,53.232,2.257,2.749,41.261,2.811,28.755,,0.025,1.002,3.127,38.963,39.717,,100.0,3.248,,0.352,29.847,0.0,,,,,,,,,,,,,,,,,,,,,,,,,,,,,,,,,,,,,,,"",false,"",false,operation,"",idle,steady,steady,steady,idle,management,,idle,,false,,none,,,,false,true,,false,false,true,true,true,true,false,false,false,false,false,false,false,true,false,,false,false,false,false,false,false,true
2023-11-30 13:39:00 +0000,0.0,97188.0,0.0,0.0,28.557,27.973,11.888,23.532,5.013,3086.412,104.525,511.884,1496.235,4.0,355.0,0.0,0.0,4072.941,0.0,20.0,4.004,53.225,2.257,2.749,41.136,2.799,28.754,,0.026,1.002,3.122,40.077,40.817,,100.0,3.248,,0.366,30.16,0.0,,,,,,,,,,,,,,,,,,,,,,,,,,,,,,,,,,,,,,,"",false,"",false,operation,"",idle,steady,steady,steady,idle,management,,idle,,false,,none,,,,false,true,,false,false,true,true,true,true,false,false,false,false,false,false,false,true,false,,false,false,false,false,false,false,true
2023-11-30 13:40:00 +0000,0.0,97188.0,0.0,0.0,28.724,28.096,11.888,23.531,5.013,3146.346,113.055,511.584,1556.269,4.0,355.0,0.0,0.0,4077.115,0.0,20.0,4.013,53.193,2.255,2.749,41.02,2.788,28.77,,0.026,1.002,3.117,41.138,41.867,,100.0,3.248,,0.369,30.483,0.0,,,,,,,,,,,,,,,,,,,,,,,,,,,,,,,,,,,,,,,"",false,"",false,operation,"",idle,steady,steady,steady,idle,management,,idle,,false,,none,,,,false,true,,false,false,true,true,true,true,false,false,false,false,false,false,false,true,false,,false,false,false,false,false,false,true
2023-11-30 13:41:00 +0000,0.0,97188.0,0.0,0.0,28.885,28.216,11.887,23.53,5.013,3206.176,121.581,511.448,1616.235,4.0,355.0,0.0,0.0,4080.0,0.0,20.0,4.025,53.179,2.255,2.749,40.914,2.776,28.76,,0.026,1.002,3.112,42.185,42.869,,100.0,3.247,,0.37,30.735,0.0,,,,,,,,,,,,,,,,,,,,,,,,,,,,,,,,,,,,,,,"",false,"",false,operation,"",idle,steady,steady,steady,idle,management,,idle,,false,,none,,,,false,true,,false,false,true,true,true,true,false,false,false,false,false,false,false,true,false,,false,false,false,false,false,false,true
2023-11-30 13:42:00 +0000,0.0,97188.0,0.0,0.0,29.05,28.347,11.887,23.529,5.013,3266.038,130.105,511.356,1676.231,4.0,355.0,0.0,0.0,4080.0,0.0,20.0,4.031,53.17,2.254,2.749,40.815,2.766,28.79,,0.027,1.002,3.107,43.211,43.839,,100.0,3.247,,0.37,31.016,0.0,,,,,,,,,,,,,,,,,,,,,,,,,,,,,,,,,,,,,,,"",false,"",false,operation,"",idle,steady,steady,steady,idle,management,,idle,,false,,none,,,,false,true,,false,false,true,true,true,true,false,false,false,false,false,false,false,true,false,,false,false,false,false,false,false,true
2023-11-30 13:43:00 +0000,0.0,97188.0,0.0,0.0,29.228,28.472,11.887,23.529,5.013,3325.98,138.627,511.243,1736.216,4.0,355.0,0.0,0.0,4080.0,0.0,20.0,4.035,53.158,2.254,2.749,40.723,2.756,28.795,,0.026,1.002,3.101,44.138,44.762,,100.0,3.247,,0.367,31.272,0.0,,,,,,,,,,,,,,,,,,,,,,,,,,,,,,,,,,,,,,,"",false,"",false,operation,"",idle,steady,steady,steady,idle,management,,idle,,false,,none,,,,false,true,,false,false,true,true,true,true,false,false,false,false,false,false,false,true,false,,false,false,false,false,false,false,true
2023-11-30 13:44:00 +0000,0.0,97188.0,0.0,0.0,29.429,28.671,11.886,23.55,5.013,3386.327,147.147,511.08,1796.212,4.0,355.0,0.0,0.0,4080.0,0.0,20.0,4.048,53.141,2.253,2.749,40.637,2.747,28.793,,0.027,1.002,3.096,45.063,45.602,,100.0,3.247,,0.365,31.606,0.0,,,,,,,,,,,,,,,,,,,,,,,,,,,,,,,,,,,,,,,"",false,"",false,operation,"",idle,steady,steady,steady,idle,management,,idle,,false,,none,,,,false,false,,false,false,true,true,true,true,false,false,false,false,false,false,false,true,false,,false,false,false,false,false,false,true
2023-11-30 13:45:00 +0000,0.0,97188.0,0.0,0.0,29.622,28.833,11.886,23.564,5.013,3446.627,155.664,510.878,1856.235,4.0,355.0,0.0,0.0,4080.0,0.0,20.0,4.06,53.12,2.253,2.749,40.584,2.742,28.805,,0.029,1.002,3.091,45.677,46.1,,100.0,3.247,,0.364,31.828,0.0,,,,,,,,,,,,,,,,,,,,,,,,,,,,,,,,,,,,,,,"",false,"",false,operation,"",idle,steady,steady,steady,idle,management,,idle,,false,,none,,,,false,false,,false,false,true,true,true,true,false,false,false,false,false,false,false,true,false,,false,false,false,false,false,false,true
2023-11-30 13:46:00 +0000,0.0,97188.0,0.0,0.0,29.788,28.949,11.887,23.564,5.013,3506.538,164.175,510.555,1916.192,4.0,355.0,0.0,0.0,4080.0,0.0,20.0,4.062,53.087,2.251,2.749,40.539,2.737,28.811,,0.031,1.003,3.087,46.14,46.563,,100.0,3.247,,0.361,32.042,0.0,,,,,,,,,,,,,,,,,,,,,,,,,,,,,,,,,,,,,,,"",false,"",false,operation,"",idle,steady,steady,steady,idle,management,,idle,,false,,none,,,,false,false,,false,false,true,true,true,true,false,false,false,false,false,false,false,true,false,,false,false,false,false,false,false,true
2023-11-30 13:47:00 +0000,0.0,97188.0,0.0,0.0,29.917,29.063,11.888,23.565,5.014,3566.431,172.683,510.404,1976.216,4.0,355.0,0.0,0.0,4080.0,0.0,20.0,4.072,53.071,2.251,2.749,40.501,2.734,28.815,,0.032,1.003,2.931,46.597,47.02,,100.0,3.248,,0.359,32.137,0.0,,,,,,,,,,,,,,,,,,,,,,,,,,,,,,,,,,,,,,,"",false,"",false,operation,"",idle,steady,steady,steady,idle,management,,idle,,false,,none,,,,false,false,,false,false,true,true,true,true,false,false,false,false,false,false,false,true,false,,false,false,false,false,false,false,true
2023-11-30 13:48:00 +0000,0.0,97188.0,0.0,0.0,30.027,29.141,11.887,23.565,5.014,3626.192,181.19,510.324,2036.212,4.0,355.0,0.0,0.0,4078.846,0.0,20.0,4.067,53.062,2.25,2.749,40.463,2.731,28.825,,0.033,1.003,2.956,47.044,47.46,,100.0,3.248,,0.357,32.285,0.0,,,,,,,,,,,,,,,,,,,,,,,,,,,,,,,,,,,,,,,"",false,"",false,operation,"",idle,steady,steady,steady,idle,management,,idle,,false,,none,,,,false,false,,false,false,true,true,true,true,false,false,false,false,false,false,false,true,false,,false,false,false,false,false,false,true
2023-11-30 13:49:00 +0000,0.0,97188.0,0.0,0.0,30.127,29.211,11.888,23.566,5.014,3686.196,189.698,510.263,2096.235,4.0,355.0,0.0,0.0,4074.706,0.0,20.0,4.081,53.056,2.25,2.749,40.429,2.726,28.829,,0.033,1.003,3.017,47.49,47.892,,100.0,3.248,,0.355,32.45,0.0,,,,,,,,,,,,,,,,,,,,,,,,,,,,,,,,,,,,,,,"",false,"",false,operation,"",idle,steady,steady,steady,idle,management,,idle,,false,,none,,,,false,false,,false,false,true,true,true,true,false,false,false,false,false,false,false,true,false,,false,false,false,false,false,false,true
2023-11-30 13:50:00 +0000,0.0,97188.0,0.0,0.0,30.202,29.269,11.887,23.565,5.014,3746.058,198.203,510.304,2156.192,4.0,355.0,0.0,0.0,4074.808,0.0,20.0,4.08,53.06,2.25,2.749,40.395,2.722,28.841,,0.034,1.003,3.01,47.917,48.317,,100.0,3.248,,0.367,32.53,0.0,,,,,,,,,,,,,,,,,,,,,,,,,,,,,,,,,,,,,,,"",false,"",false,operation,"",idle,steady,steady,steady,idle,management,,idle,,false,,none,,,,false,false,,false,false,true,true,true,true,false,false,false,false,false,false,false,true,false,,false,false,false,false,false,false,true
2023-11-30 13:51:00 +0000,0.0,97188.0,0.0,0.0,30.259,29.283,11.887,23.565,5.014,3806.804,206.706,510.34,2216.216,4.0,355.0,0.0,0.0,4080.0,0.0,20.0,4.056,53.064,2.25,2.725,40.362,2.72,28.829,,0.036,1.003,3.005,48.332,48.73,,100.0,3.248,,0.368,32.652,0.0,,,,,,,,,,,,,,,,,,,,,,,,,,,,,,,,,,,,,,,"",false,"",false,operation,"",idle,steady,steady,steady,idle,management,,idle,,false,,none,,,,false,false,,false,false,true,true,true,true,false,false,false,false,false,false,false,true,false,,false,false,false,false,false,false,true
2023-11-30 13:52:00 +0000,0.0,97188.0,0.0,0.0,30.32,29.311,11.887,23.566,5.014,3866.808,215.211,510.173,2276.192,4.0,355.0,0.0,0.0,4078.269,0.0,20.0,4.032,53.047,2.25,2.699,40.325,2.715,28.81,,0.035,1.003,3.0,48.735,49.114,,100.0,3.248,,0.361,32.741,0.0,,,,,,,,,,,,,,,,,,,,,,,,,,,,,,,,,,,,,,,"",false,"",false,operation,"",idle,steady,steady,steady,idle,management,,idle,,false,,none,,,,false,false,,false,false,true,true,true,true,false,false,false,false,false,false,false,true,false,,false,false,false,false,false,false,true
2023-11-30 13:53:00 +0000,0.0,97188.0,0.0,0.0,30.372,29.343,11.887,23.566,5.014,3926.569,223.717,510.261,2336.235,4.0,355.0,0.0,0.0,4077.647,0.0,20.0,4.035,53.056,2.25,2.699,40.296,2.713,28.838,,0.034,1.003,3.037,49.119,49.493,,100.0,3.248,,0.355,32.825,0.0,,,,,,,,,,,,,,,,,,,,,,,,,,,,,,,,,,,,,,,"",false,"",false,operation,"",idle,steady,steady,steady,idle,management,,idle,,false,,none,,,,false,false,,false,false,true,true,true,true,false,false,false,false,false,false,false,true,false,,false,false,false,false,false,false,true
2023-11-30 13:54:00 +0000,0.0,97188.0,0.0,0.0,30.425,29.352,11.887,23.566,5.014,3986.423,232.218,510.207,2396.173,4.0,355.0,0.0,0.0,4079.423,0.0,20.0,4.038,53.05,2.25,2.699,40.266,2.709,28.843,,0.036,1.003,3.158,49.492,49.857,,100.0,3.248,,0.352,32.867,0.0,,,,,,,,,,,,,,,,,,,,,,,,,,,,,,,,,,,,,,,"",false,"",false,operation,"",idle,steady,steady,steady,idle,management,,idle,,false,,none,,,,false,false,,false,false,true,true,true,true,false,false,false,false,false,false,false,true,false,,false,false,false,false,false,false,true
2023-11-30 13:55:00 +0000,0.0,97188.0,0.0,0.0,30.494,29.375,11.888,23.567,5.014,4046.333,240.724,510.158,2456.216,4.0,355.0,0.0,0.0,4080.0,0.0,20.0,4.038,53.045,2.25,2.699,40.238,2.706,28.833,,0.037,1.003,3.147,49.869,50.221,,100.0,3.248,,0.355,33.02,0.0,,,,,,,,,,,,,,,,,,,,,,,,,,,,,,,,,,,,,,,"",false,"",false,operation,"",idle,steady,steady,steady,idle,management,,idle,,false,,none,,,,false,false,,false,false,true,true,true,true,false,false,false,false,false,false,false,true,false,,false,false,false,false,false,false,true
2023-11-30 13:56:00 +0000,0.0,97188.0,0.0,0.0,30.519,29.378,11.888,23.567,5.014,4106.192,249.226,510.134,2516.192,4.0,355.0,0.0,0.0,4080.0,0.0,20.0,4.042,53.043,2.249,2.699,40.211,2.704,28.84,,0.038,1.003,3.139,50.225,50.567,,100.0,3.248,,0.354,33.094,0.0,,,,,,,,,,,,,,,,,,,,,,,,,,,,,,,,,,,,,,,"",false,"",false,operation,"",idle,steady,steady,steady,idle,management,,idle,,false,,none,,,,false,false,,false,false,true,true,true,true,false,false,false,false,false,false,false,true,false,,false,false,false,false,false,false,true
2023-11-30 13:57:00 +0000,0.0,97188.0,0.0,0.0,30.524,29.369,11.887,23.566,5.014,4166.02,257.732,510.269,2576.216,4.0,355.0,0.0,0.0,4080.0,0.0,20.0,4.041,53.057,2.25,2.699,40.184,2.701,28.857,,0.038,1.003,3.132,50.568,50.896,,100.0,3.248,,0.35,33.139,0.0,,,,,,,,,,,,,,,,,,,,,,,,,,,,,,,,,,,,,,,"",false,"",false,operation,"",idle,steady,steady,steady,idle,management,,idle,,false,,none,,,,false,false,,false,false,true,true,true,true,false,false,false,false,false,false,false,true,false,,false,false,false,false,false,false,true
2023-11-30 13:58:00 +0000,0.0,97188.0,0.0,0.0,30.549,29.389,11.887,23.566,5.014,4226.096,266.233,510.114,2636.231,4.0,355.0,0.0,0.0,4080.0,0.0,20.0,4.044,53.041,2.249,2.699,40.158,2.698,28.86,,0.038,1.003,3.127,50.9,51.229,,100.0,3.248,,0.344,33.149,0.0,,,,,,,,,,,,,,,,,,,,,,,,,,,,,,,,,,,,,,,"",false,"",false,operation,"",idle,steady,steady,steady,idle,management,,idle,,false,,none,,,,false,false,,false,false,true,true,true,true,false,false,false,false,false,false,false,true,false,,false,false,false,false,false,false,true
2023-11-30 13:59:00 +0000,0.0,97188.0,0.0,0.0,30.58,29.409,11.887,23.565,5.014,4286.824,274.737,510.148,2696.412,4.0,355.0,0.0,0.0,4080.0,0.0,20.0,4.045,53.044,2.25,2.699,40.132,2.695,28.848,,0.038,1.003,3.122,51.226,51.543,,100.0,3.248,,0.34,33.222,0.0,,,,,,,,,,,,,,,,,,,,,,,,,,,,,,,,,,,,,,,"",false,"",false,operation,"",idle,steady,steady,steady,idle,management,,idle,,false,,none,,,,false,false,,false,false,true,true,true,true,false,false,false,false,false,false,false,true,false,,false,false,false,false,false,false,true
2023-11-30 14:00:00 +0000,0.0,97188.0,0.0,0.0,30.619,29.444,11.887,23.565,5.014,4346.615,283.238,510.123,2756.365,4.0,355.0,0.0,0.0,4078.846,0.0,20.0,4.049,53.042,2.249,2.699,40.108,2.693,28.855,,0.038,1.003,3.118,51.54,51.85,,100.0,3.248,,0.338,33.255,0.0,,,,,,,,,,,,,,,,,,,,,,,,,,,,,,,,,,,,,,,"",false,"",false,operation,"",idle,steady,steady,steady,idle,management,,idle,,false,,none,,,,false,false,,false,false,true,true,true,true,false,false,false,false,false,false,false,true,false,,false,false,false,false,false,false,true
2023-11-30 14:01:00 +0000,0.0,97188.0,0.0,0.0,30.664,29.496,11.887,23.565,5.013,4406.549,291.74,510.187,2816.412,4.0,355.0,0.0,0.0,4080.0,0.0,20.0,4.052,53.048,2.25,2.699,40.085,2.691,28.878,,0.038,1.003,3.115,51.842,52.151,,100.0,3.248,,0.337,33.345,0.0,,,,,,,,,,,,,,,,,,,,,,,,,,,,,,,,,,,,,,,"",false,"",false,operation,"",idle,steady,steady,steady,idle,management,,idle,,false,,none,,,,false,false,,false,false,true,true,true,true,false,false,false,false,false,false,false,true,false,,false,false,false,false,false,false,true
2023-11-30 14:02:00 +0000,0.0,97188.0,0.0,0.0,30.699,29.518,11.887,23.565,5.013,4466.423,300.241,510.109,2876.385,4.0,355.0,0.0,0.0,4080.0,0.0,20.0,4.054,53.04,2.249,2.699,40.063,2.688,28.878,,0.039,1.003,3.111,52.143,52.44,,100.0,3.248,,0.337,33.418,0.0,,,,,,,,,,,,,,,,,,,,,,,,,,,,,,,,,,,,,,,"",false,"",false,operation,"",idle,steady,steady,steady,idle,management,,idle,,false,,none,,,,false,false,,false,false,true,true,true,true,false,false,false,false,false,false,false,true,false,,false,false,false,false,false,false,true
2023-11-30 14:03:00 +0000,0.0,97188.0,0.0,0.0,30.739,29.544,11.887,23.565,5.013,4526.235,308.744,510.023,2936.412,4.0,355.0,0.0,0.0,4080.0,0.0,20.0,4.059,53.031,2.249,2.699,40.041,2.685,28.859,,0.038,1.003,3.107,52.432,52.718,,100.0,3.248,,0.336,33.45,0.0,,,,,,,,,,,,,,,,,,,,,,,,,,,,,,,,,,,,,,,"",false,"",false,operation,"",idle,steady,steady,steady,idle,management,,idle,,false,,none,,,,false,false,,false,false,true,true,true,true,false,false,false,false,false,false,false,true,false,,false,false,false,false,false,false,true
2023-11-30 14:04:00 +0000,0.0,97188.0,0.0,0.0,30.76,29.562,11.887,23.565,5.013,4586.154,317.246,510.122,2996.385,4.0,355.0,0.0,0.0,4079.423,0.0,20.0,4.058,53.042,2.249,2.699,40.022,2.684,28.867,,0.039,1.003,3.103,52.716,52.993,,100.0,3.248,,0.338,33.532,0.0,,,,,,,,,,,,,,,,,,,,,,,,,,,,,,,,,,,,,,,"",false,"",false,operation,"",idle,steady,steady,steady,idle,management,,idle,,false,,none,,,,false,false,,false,false,true,true,true,true,false,false,false,false,false,false,false,true,false,,false,false,false,false,false,false,true
2023-11-30 14:05:00 +0000,0.0,97188.0,0.0,0.0,30.799,29.576,11.887,23.566,5.014,4646.039,325.746,510.06,3056.412,4.0,355.0,0.0,0.0,4078.824,0.0,20.0,4.062,53.035,2.249,2.699,40.002,2.682,28.841,,0.04,1.003,3.099,52.988,53.264,,100.0,3.248,,0.338,33.574,0.0,,,,,,,,,,,,,,,,,,,,,,,,,,,,,,,,,,,,,,,"",false,"",false,operation,"",idle,steady,steady,steady,idle,management,,idle,,false,,none,,,,false,false,,false,false,true,true,true,true,false,false,false,false,false,false,false,true,false,,false,false,false,false,false,false,true
2023-11-30 14:06:00 +0000,0.0,97188.0,0.0,0.0,30.841,29.607,11.887,23.565,5.013,4706.692,334.248,510.09,3116.385,4.0,355.0,0.0,0.0,4080.0,0.0,20.0,4.061,53.038,2.249,2.699,39.982,2.679,28.825,,0.04,1.003,3.095,53.253,53.514,,100.0,3.248,,0.336,33.574,0.0,,,,,,,,,,,,,,,,,,,,,,,,,,,,,,,,,,,,,,,"",false,"",false,operation,"",idle,steady,steady,steady,idle,management,,idle,,false,,none,,,,false,false,,false,false,true,true,true,true,false,false,false,false,false,false,false,true,false,,false,false,false,false,false,false,true
2023-11-30 14:07:00 +0000,0.0,97188.0,0.0,0.0,30.871,29.615,11.887,23.565,5.014,4766.725,342.75,510.001,3176.412,4.0,355.0,0.0,0.0,4080.0,0.0,20.0,4.063,53.029,2.249,2.699,39.963,2.678,28.843,,0.04,1.003,3.092,53.509,53.766,,100.0,3.248,,0.334,33.61,0.0,,,,,,,,,,,,,,,,,,,,,,,,,,,,,,,,,,,,,,,"",false,"",false,operation,"",idle,steady,steady,steady,idle,management,,idle,,false,,none,,,,false,false,,false,false,true,true,true,true,false,false,false,false,false,false,false,true,false,,false,false,false,false,false,false,true
2023-11-30 14:08:00 +0000,0.0,97188.0,0.0,0.0,30.917,29.642,11.887,23.566,5.014,4826.654,351.251,510.064,3236.404,4.0,355.0,0.0,0.0,4080.0,0.0,20.0,4.067,53.035,2.249,2.699,39.946,2.676,28.826,,0.04,1.003,3.089,53.758,54.021,,100.0,3.248,,0.333,33.588,0.0,,,,,,,,,,,,,,,,,,,,,,,,,,,,,,,,,,,,,,,"",false,"",false,operation,"",idle,steady,steady,steady,idle,management,,idle,,false,,none,,,,false,false,,false,false,true,true,true,true,false,false,false,false,false,false,false,true,false,,false,false,false,false,false,false,true
2023-11-30 14:09:00 +0000,0.0,97188.0,0.0,0.0,30.91,29.638,11.887,23.565,5.014,4886.451,359.749,510.003,3296.392,4.0,355.0,0.0,0.0,4080.0,0.0,20.0,4.071,53.029,2.249,2.699,39.929,2.674,28.875,,0.039,1.003,3.086,54.011,54.268,,100.0,3.248,,0.332,33.634,0.0,,,,,,,,,,,,,,,,,,,,,,,,,,,,,,,,,,,,,,,"",false,"",false,operation,"",idle,steady,steady,steady,idle,management,,idle,,false,,none,,,,false,false,,false,false,true,true,true,true,false,false,false,false,false,false,false,true,false,,false,false,false,false,false,false,true
2023-11-30 14:10:00 +0000,0.0,97188.0,0.0,0.0,30.947,29.664,11.887,23.566,5.014,4946.346,368.249,510.011,3356.385,4.0,355.0,0.0,0.0,4077.115,0.0,20.0,4.072,53.03,2.249,2.699,39.912,2.673,28.875,,0.041,1.003,3.084,54.254,54.499,,100.0,3.248,,0.332,33.655,0.0,,,,,,,,,,,,,,,,,,,,,,,,,,,,,,,,,,,,,,,"",false,"",false,operation,"",idle,steady,steady,steady,idle,management,,idle,,false,,none,,,,false,false,,false,false,true,true,true,true,false,false,false,false,false,false,false,true,false,,false,false,false,false,false,false,true
2023-11-30 14:11:00 +0000,0.0,97188.0,0.0,0.0,30.995,29.748,11.886,23.565,5.013,5006.294,376.751,510.039,3416.412,4.0,355.0,0.0,0.0,4077.059,0.0,20.0,4.081,53.033,2.249,2.699,39.894,2.671,28.89,,0.042,1.003,3.081,54.488,54.727,,100.0,3.248,,0.332,33.703,0.0,,,,,,,,,,,,,,,,,,,,,,,,,,,,,,,,,,,,,,,"",false,"",false,operation,"",idle,steady,steady,steady,idle,management,,idle,,false,,none,,,,false,false,,false,false,true,true,true,true,false,false,false,false,false,false,false,true,false,,false,false,false,false,false,false,true
2023-11-30 14:12:00 +0000,0.0,97188.0,0.0,0.0,31.066,29.813,11.887,23.565,5.014,5066.038,385.253,509.95,3476.423,4.0,355.0,0.0,0.135,4079.423,0.0,20.0,4.086,53.024,2.249,2.699,39.878,2.669,28.887,,0.042,1.003,3.078,54.714,54.949,,100.0,3.248,,0.335,33.765,0.0,,,,,,,,,,,,,,,,,,,,,,,,,,,,,,,,,,,,,,,"",false,"",false,operation,"",idle,steady,steady,steady,idle,management,,idle,,false,,none,,,,true,false,,false,false,true,true,true,true,false,false,false,false,true,false,false,true,false,,false,false,false,false,false,false,true
2023-11-30 14:13:00 +0000,0.0,97188.0,0.0,0.0,31.137,29.887,11.887,23.566,5.014,5126.51,393.751,509.965,3536.412,4.0,355.0,0.0,4.98,4080.0,0.0,20.0,4.082,53.025,2.249,2.699,39.863,2.667,28.885,,0.043,1.004,3.076,54.943,55.176,,100.0,3.248,,0.334,33.817,0.0,,,,,,,,,,,,,,,,,,,,,,,,,,,,,,,,,,,,,,,"",false,"",false,operation,"",idle,steady,steady,steady,idle,management,,idle,,false,,none,,,,true,false,,false,false,true,true,true,true,false,false,false,false,true,false,false,true,false,,false,false,false,false,false,false,true
2023-11-30 14:14:00 +0000,0.0,97188.0,0.0,0.0,31.199,29.894,11.886,23.565,5.013,5186.923,402.252,509.902,3596.442,4.0,355.0,663.523,15.923,4070.769,0.0,20.0,4.029,53.019,2.249,2.651,39.847,2.666,28.858,,0.043,1.004,3.074,55.152,55.262,,100.0,3.248,,0.333,33.497,0.0,,,,,,,,,,,,,,,,,,,,,,,,,,,,,,,,,,,,,,,"",false,"",false,operation,"",idle,steady,steady,steady,idle,management,,idle,,false,,none,,,,true,false,,false,false,true,true,true,true,false,false,false,false,true,false,false,true,false,,false,false,false,false,false,false,true
2023-11-30 14:15:00 +0000,1.0,97188.0,0.0,0.0,31.239,29.863,11.887,23.565,5.014,5242.326,409.727,509.774,3649.184,4.0,355.0,832.505,16.884,4058.372,0.0,20.0,4.02,53.011,2.248,2.649,39.866,2.667,28.859,,0.041,1.003,3.072,55.065,54.981,,100.0,3.248,,0.332,32.721,0.0,,,,,,,,,,,,,,,,,,,,,,,,,,,,,,,,,,,,,,,"",false,"",false,operation,"",idle,steady,steady,steady,idle,management,,idle,,false,,none,,,,true,false,,false,false,true,true,true,true,false,false,false,false,true,false,false,true,false,,false,false,false,false,false,false,true
2023-11-30 14:16:00 +0000,0.0,97188.0,0.0,0.0,31.194,29.86,11.887,23.565,5.014,5308.204,419.465,509.521,3718.02,4.0,355.0,661.443,14.735,4076.939,0.0,20.0,4.018,52.984,2.247,2.649,39.878,2.668,28.878,,0.041,1.003,3.069,54.893,54.981,,100.0,3.248,,0.332,32.858,0.0,,,,,,,,,,,,,,,,,,,,,,,,,,,,,,,,,,,,,,,"",false,"",false,operation,"",idle,steady,steady,steady,idle,management,,idle,,false,,none,,,,true,false,,false,false,true,true,true,true,false,false,false,false,true,false,false,true,false,,false,false,false,false,false,false,true
