inputs,outputs
0.27783143324399995,0.2953272783592372
1.9783536722250346,2.1423975287597603
6.7256360105880795,7.434098731092282
14.913030992464364,16.838125236108645
24.91838169394827,28.71893146724932
34.26801635715391,40.23172239672098
41.13925139688479,49.05497822130119
44.9635832667112,54.261155518292334
46.20967962762092,56.21668843974917
45.8304138726865,55.99039266417833
44.76617869690418,54.74353228442972
43.67232084969051,53.350719522233575
42.86605948692264,52.28281628836049
42.40719190955437,51.66951335974795
42.21841991839489,51.43648944969568
42.1843552807238,51.43621959851794
42.20825649135691,51.532924447737074
42.23140023362503,51.63791006498081
42.229681519244984,51.71069237844928
42.20130357252808,51.744444079430366
42.15448511077456,51.74874573244389
42.09906395744834,51.736758906148
42.042400842545895,51.71916705092675
41.98842192152884,51.70295814652107
41.93841760794099,51.69172095944795
41.89234067083573,51.68598971957715
41.84973276404213,51.68418938073414
41.81012522708341,51.68452711666846
41.773287159158826,51.686337452249056
41.74006312012484,51.688971560235
41.71356539059032,51.69012850491126
41.69827539641443,51.68751737640452
41.696612323616776,51.68180163530958
41.70687717046105,51.67593577404526
41.72461237571812,51.672194929656925
41.74511353352171,51.67100249702785
41.76497310752253,51.67172626355818
41.78243265503673,51.67338967263904
41.79706031658272,51.674743994334825
41.80923102676408,51.674409043533146
41.81966004205891,51.67138189458742
41.829095416773846,51.66580388102389
41.83815934838294,51.659492130389786
41.84725803250701,51.65522607751941
41.85654177172778,51.65480332949212
41.865938813949114,51.65768242007791
41.8752713167191,51.661663043717844
41.884708941110034,51.66459236857404
41.896782971589815,51.66488686308814
41.91830104249259,51.66175218088345
41.955214547766936,51.65770064246854
42.00263178302936,51.65920696007121
42.04443586253022,51.67062385212838
42.06528424364107,51.68811817391793
42.061616601423104,51.70189320556899
42.04192610245074,51.7039937701804
42.01889174623815,51.693693274304955
42.00187632694903,51.676600564657605
41.9944509933617,51.660102400391835
41.99568668125728,51.64943519954595
42.00255400200823,51.646065492569164
42.01187093637736,51.648418290655236
42.02131816012174,51.65396061542712
42.02967054828227,51.66050677479839
42.03659806950648,51.6663432161943
42.04231173062549,51.67051995387516
42.04722805078828,51.67311676199794
42.05181482814481,51.67486015972938
42.05653494512332,51.676803899007396
42.061644272771034,51.680091126128154
42.06700920145462,51.68516413911586
42.07227584993012,51.691248841683205
42.07721357363238,51.69697680435745
42.081852999100555,51.70148142390428
42.08640087770776,51.70493084016706
42.09109689514983,51.70812446730295
42.09606641390596,51.71183804804868
42.10119630663473,51.71631227711471
42.10614954773667,51.720566345895314
42.11060826088291,51.722496330768365
42.114577729341434,51.720642117708344
42.11839689894286,51.715833389187026
42.122430423978194,51.710640230573375
42.12680688882076,51.70744904747837
42.13139905975862,51.70717478114982
42.135972553324166,51.70929867379526
42.1406956448313,51.712518069795316
42.14812872193742,51.714476864057545
42.16486712462789,51.712263544270755
42.19626426581328,51.707076295434305
42.23691652513161,51.706623992526566
42.27107971453567,51.71702500124638
42.28497098353136,51.73355862226869
42.27666849956001,51.74408425018376
42.25475539266581,51.74048881435217
42.230556535561355,51.72427483054654
42.212084927903895,51.70323362587707
42.20229103632738,51.68560997165392
42.200035899195825,51.67625031581602
42.20214558567068,51.67549200131256
42.2055532271318,51.68035442441807
42.20855343501938,51.68685923782043
42.21081214714108,51.692153918045854
42.21269092473058,51.695308931234806
42.21459844306269,51.69652617898969
42.216738033544445,51.696258943405915
42.21916893942441,51.69522566156689
42.221896946965444,51.69434190318741
42.22486256456575,51.694135663511574
42.227928507754804,51.69453995184955
42.230970643584016,51.69534516651706
42.23396081067845,51.69650329026078
42.236944548161944,51.69802051635655
42.23995905624734,51.699920624300304
42.242960890499745,51.7022143318876
42.24584869525805,51.704904580867
42.248557996825866,51.70824133678747
42.25106955225392,51.71225281155226
42.253343473914605,51.71557717177973
42.25535304472991,51.7158652495467
42.257174698637456,51.711961870398184
42.2589773950449,51.70515534753619
42.26092710329273,51.69829413143162
42.26309754763682,51.69390296866124
42.26574920594708,51.69240147143741
42.27125092120732,51.6912847231026
42.28589638917499,51.68757064726679
42.314841003407736,51.68364748413321
42.352673546100704,51.688060217568065
42.38404939578931,51.70611095358464
42.39612806686298,51.73180255935824
42.38778610805841,51.75179258500612
42.36734196630311,51.755656587230625
42.344999449580136,51.7423327824788
42.32776247689376,51.71927142491728
42.31825134458296,51.69672853530444
42.3157500546862,51.68213239523185
42.31791132537695,51.67743592027839
42.3221485646399,51.679606809299564
42.32650160864859,51.68381497092872
42.330026555653085,51.68716676066599
42.33266008122728,51.68983892538599
42.33473569160305,51.693237900743426
42.33659721347339,51.697880127950675
42.33850913993614,51.70325053552944
42.340661696494806,51.708532283526615
42.34175909892569,51.699926186620665
42.333943384585055,51.60212062302582
42.30130745708163,51.26061023569975
42.23451621675611,50.57873144876891
42.14672653378509,49.67659770876196
42.06500030502599,48.81797153829889
42.012610855007985,48.23948840924515
42.0056246255228,48.11159888406542
42.05063432807355,48.513114936972755
42.1363889131435,49.34503693547177
42.23591990330827,50.343861292908066
42.32151732407318,51.226453124671515
42.3775320421868,51.8224367010544
42.402787851096285,52.1058534484572
42.405238792425486,52.14672491704679
42.39439199071159,52.03721465242758
42.37650419712503,51.84204704672821
42.35453576805045,51.5928596252261
42.331427676489106,51.30085597234885
42.314503646638435,50.97691602269562
42.31425731614377,50.665569575085
42.33429861990637,50.44962729574929
42.36562069822823,50.403062849987464
42.394401943246876,50.54278437042261
42.412249948939284,50.816048128527214
42.41804970398466,51.1239326832777
42.413691377871324,51.36211825845389
42.39721284023928,51.42341939622027
42.359014250549706,51.17947902900895
42.29275383101748,50.57059672002338
42.211623917269755,49.744714121095306
42.14474439287797,49.014096398154926
42.1174879756835,48.659053070028335
42.13704288529853,48.779693865155956
42.18970750085544,49.26006433899241
42.2508433301902,49.85913754928275
42.302253577991706,50.3853583683248
42.34051582615914,50.79042068279584
42.37060590661341,51.11447942567569
42.39651886179688,51.39393497974605
42.418211299650174,51.62821183831996
42.43368132904079,51.79728268261373
42.44174036345152,51.88782032151355
42.44305619559968,51.90454203119389
42.43945694478223,51.86482891386816
42.432855743760186,51.7884180427317
42.42425478541352,51.68712248627071
42.41025949878132,51.53037231126906
42.38022469038264,51.21483391575207
42.32576496838832,50.65319775458026
42.25554031389088,49.922053484879626
42.19239529246305,49.244644049787205
42.158017531621866,48.84455608248578
42.16451560836357,48.856793249513125
42.21051649715085,49.281745362251584
42.27878896066405,49.95596352397001
42.343531426453694,50.62032906546084
42.38439736252251,51.05079945086159
42.39755188533223,51.14726054061725
42.39767531656156,50.96768555180688
42.404487014193094,50.68912446944613
42.42360835013654,50.488003533266856
42.44447147048316,50.443104143112976
42.454543306278524,50.53137080779914
42.44947753959943,50.672122728986274
42.43229199703679,50.777925255748436
42.41034338047055,50.81095103154926
42.3921184930226,50.796834841519605
42.37932017489464,50.74744712819163
42.36272277055918,50.59640669177161
42.33163634657926,50.265555928934816
42.286921578769615,49.77995693040398
42.24258020256612,49.28663242885725
42.21491063418826,48.956210774480844
42.20907790076364,48.8527782703201
42.21599467854697,48.89602165497164
42.222922948314164,48.95846025227754
42.22346757589764,48.968097050944245
42.212447448216885,48.870603743092246
42.17210002626499,48.503686526540505
42.07129520154486,47.589462463789
41.886966118619476,45.92989475930538
41.628212822312165,43.61852614200418
41.33798565220538,41.043852608826164
41.07197556852455,38.695277241716724
40.87358743096445,36.94584505909536
40.76028742373392,35.94078691789501
40.724161806199085,35.60849207724906
40.74171063380119,35.7464004592104
40.78597390130175,36.123236980473
40.83818016902761,36.57478956516911
40.90441372796587,37.145324366920754
41.02698417168232,38.199064685518046
41.25551123604003,40.190172811744524
41.59045900337991,43.165001667366646
41.96800879446482,46.59354348909944
42.301485660895615,49.703590967616236
42.529748631979444,51.90784322643367
42.6398086067998,53.01830224665652
42.661166321100445,53.21456519694125
42.63887403572314,52.85994755654539
42.6048265665402,52.30655109924059
42.56988776777965,51.78595078408027
42.53497718432446,51.395628879597886
42.5013390367885,51.1403441565715
42.47215774931264,50.986312628031826
42.4503928216533,50.89797296648971
42.43707514778964,50.849718241721305
42.43110402872895,50.82512938660812
42.429687656537524,50.80957015409737
42.42898865865792,50.78283993831593
42.42531335940398,50.72266134233254
42.41411554087816,50.59375196782482
42.38284854567417,50.281744462482244
42.304474875785154,49.53697315926409
42.147773016578974,48.07795086971138
41.903180623322704,45.83090116278198
41.59887844902627,43.06510715618399
41.29011668146471,40.28237285411849
41.03242418237937,37.97346605611311
40.86601705709047,36.48066731988392
40.82671436844229,36.097960287666766
40.95246137466907,37.15292724480773
41.250268300504345,39.741424767378334
41.661707968296184,43.402929391179164
42.082390572174816,47.241856990593725
42.41711832518638,50.39205117402239
42.619014779215554,52.382022330118026
42.69318994142882,53.20174795690511
42.676647892514026,53.14784025723747
42.614499551324336,52.61781258182813
42.54439280897348,51.964960077070835
42.48902085695461,51.418431430035774
42.45465795064396,51.05593896224596
42.43690538775929,50.84854012238936
42.430089091061035,50.74341465470814
42.432996212009684,50.70280765683276
42.44809461337281,50.69622140523087
42.47454389124121,50.695816168794956
42.50220869798818,50.68239139443142
42.51731410641479,50.651154051260335
42.51387097377856,50.610232226706124
42.49535826836963,50.559648129149565
42.466916878607584,50.46597170147713
42.42784942948278,50.24993979438378
42.365582359782,49.758285162866656
42.25429234230124,48.754695800900166
42.069207865098946,47.0419460872147
41.81046694612456,44.6606271554179
41.51227187364587,41.94832320587948
41.227892565659026,39.38984192572072
41.004782219099994,37.39785704959103
40.86732737797038,36.1733608093874
40.81382743016496,35.690362696402744
40.82427630601097,35.76849941998434
40.871862571730624,36.17315949443217
40.93665919160396,36.72991535044027
41.02525863042795,37.49214822891523
41.1778808542802,38.81667318393771
41.43266437146259,41.06798209374014
41.77525812700149,44.1605793779948
42.13652801663219,47.50157165359616
42.43685655388965,50.362303433776205
42.62734580768721,52.2555764645058
42.70320473739565,53.085570949552306
42.693383666664204,53.08183327530715
42.638826207527096,52.610736275480065
42.573815062151965,51.9973520642352
42.51877697169556,51.44788876093926
42.48165750082568,51.0541190656022
42.46195509713737,50.82483305159639
42.45496041602339,50.72284959570291
42.454798575293964,50.69486381373773
42.456382005942885,50.6918356969314
42.45725064256179,50.68557696589412
42.458408469218256,50.662727339113395
42.46180615113543,50.588751812755106
42.460502478381294,50.360926410687625
42.42685019123464,49.77169415398882
42.31907368388859,48.55526549666902
42.11133844798693,46.56929360936022
41.819807754960785,43.97092240657551
41.50089733769647,41.208953713368324
41.234724402895786,38.915965476546944
41.110120955586964,37.827252568892334
41.191921428591286,38.53435750730707
41.472377531834944,41.03866282082456
41.86108545316763,44.590649613562725
42.23364227953483,48.0747828235035
42.49647060996801,50.60172962756874
42.6225028821326,51.872997128410134
42.64245436384173,52.13830976311142
42.60949785613896,51.882279018221936
42.56774225236593,51.5223721391652
42.53938340520578,51.27543461261303
42.52781055367352,51.179391579189506
42.52675712978894,51.17795924557244
42.52752742111823,51.18944732757901
42.52407871409655,51.15522945968221
42.5167262296752,51.077139292098195
42.51080643976916,51.00813001159952
42.51075298973171,50.99540004724525
42.5159884315029,51.03732259581024
42.52214187226063,51.0924751963951
42.52522846153532,51.11981138322432
42.524173261010056,51.10493287107379
42.52044578174431,51.058990597615114
42.51828240088677,51.022858495228775
42.52484753232139,51.07175133798085
42.541715497785106,51.23252910621165
42.554388320670455,51.37002604292787
42.545863603970204,51.30602934087912
42.52303564888468,51.08776608845886
42.509943369976504,50.947743029147794
42.511883738352374,50.958517253945544
42.50441986709992,50.897901484012024
